,Par,Haplotipos,Populacao,Frequencia (%),Tamanho_Amostra,etnia,regiao_geografica
0,DRB1*15:01-DQA1*01:02-DQB1*06:02,DRB1*15:01-DQA1*01:02-DQB1*06:02/06:11,Russia Tuva Todja,20.5,22,Siberian,North-East Asia
1,DRB1*15:01-DQA1*01:02-DQB1*06:02,DRB1*15:01-DQA1*01:02-DQB1*06:02/06:11,Russia Siberia Kushun Buryat,18.0,25,Siberian,North-East Asia
2,DRB1*15:01-DQA1*01:02-DQB1*06:02,DRB1*15:01-DQA1*01:02-DQB1*06:02,USA San Francisco Caucasian,15.8,220,Caucasoid,North America
3,DRB1*15:01-DQA1*01:02-DQB1*06:02,DRB1*15:01-DQA1*01:02-DQB1*06:02,USA European American,14.17,"1,899",Caucasoid,North America
4,DRB1*15:01-DQA1*01:02-DQB1*06:02,DRB1*15:01-DQA1*01:02-DQB1*06:02,England pop 6,14.1,177,Caucasoid,Europe
5,DRB1*15:01-DQA1*01:02-DQB1*06:02,DRB1*15:01-DQA1*01:02-DQB1*06:02/06:11,Russia Siberia Irkutsk Tofalar,14.0,43,Siberian,North-East Asia
6,DRB1*15:01-DQA1*01:02-DQB1*06:02,DRB1*15:01-DQA1*01:02-DQB1*06:02,Slovenia pop 2,11.4,140,Caucasoid,Europe
7,DRB1*15:01-DQA1*01:02-DQB1*06:02,DRB1*15:01-DQA1*01:02-DQB1*06:02,Australia New South Wales Aborigine,10.0,177,Aust. Aboriginal,Australia
8,DRB1*15:01-DQA1*01:02-DQB1*06:02,DRB1*15:01-DRB5*01:01-DQA1*01:02-DQB1*06:02-DPB1*04:01,USA San Francisco Caucasian,9.3,220,Caucasoid,North America
9,DRB1*15:01-DQA1*01:02-DQB1*06:02,DRB1*15:01-DRB5*01:01-DQA1*01:02-DQB1*06:02-DPB1*04:01,USA San Francisco Caucasian,9.3,220,Caucasoid,North America
10,DRB1*15:01-DQA1*01:02-DQB1*06:02,DRB1*15:01-DQA1*01:02-DQB1*06:02,Russia Northwest Slavic,9.0,200,Caucasoid,North-East Asia
11,DRB1*15:01-DQA1*01:02-DQB1*06:02,DRB1*15:01:01-DQA1*01:02-DQB1*06:02,Morocco Settat Chaouya,8.9,98,Caucasoid,North Africa
12,DRB1*15:01-DQA1*01:02-DQB1*06:02,DRB1*15:01-DQA1*01:02-DQB1*06:02,Algeria pop 2,8.9,106,Arab,North Africa
13,DRB1*15:01-DQA1*01:02-DQB1*06:02,DRB1*15:01-DQA1*01:02-DQB1*06:02/06:11,Russia Siberia Khanty Mansi,8.8,68,Siberian,North-East Asia
14,DRB1*15:01-DQA1*01:02-DQB1*06:02,DRB1*15:01-DQA1*01:02-DQB1*06:02/06:11,Russia Siberia Khabarovsk Evenki,8.0,25,Siberian,North-East Asia
15,DRB1*15:01-DQA1*01:02-DQB1*06:02,DRB1*15:01-DQA1*01:02:01-DQB1*06:02,South Korea pop 5,7.2,467,Oriental,North-East Asia
16,DRB1*15:01-DQA1*01:02-DQB1*06:02,DRB1*15:01-DQA1*01:02-DQB1*06:02,South Korea pop 1,6.8,324,Oriental,North-East Asia
17,DRB1*15:01-DQA1*01:02-DQB1*06:02,DRB1*15:01-DQA1*01:02-DQB1*06:02/06:11,Russia Tuva pop3,6.8,44,Siberian,North-East Asia
18,DRB1*15:01-DQA1*01:02-DQB1*06:02,DRB1*15:01-DQA1*01:02-DQB1*06:02,Turkey pop 1,6.2,250,Caucasoid,Western Asia
19,DRB1*15:01-DQA1*01:02-DQB1*06:02,DRB1*15:01-DQA1*01:02-DQB1*06:02,Japan pop 2,5.6,916,Oriental,North-East Asia
20,DRB1*15:01-DQA1*01:02-DQB1*06:02,DRB1*15:01-DQA1*01:02-DQB1*06:02,Morocco Souss Region,5.4,98,Arab,North Africa
21,DRB1*15:01-DQA1*01:02-DQB1*06:02,DRB1*15:01-DQA1*01:02-DQB1*06:02,Mexico Highlands Mestizos,5.3,160,Mestizo,North America
22,DRB1*15:01-DQA1*01:02-DQB1*06:02,DRB1*15:01-DQA1*01:02-DQB1*06:02/06:11,Russia Siberia Ulchi,4.8,73,Siberian,North-East Asia
23,DRB1*15:01-DQA1*01:02-DQB1*06:02,DRB1*15:01-DQA1*01:02-DQB1*06:02,Mexico Nuevo Leon Mestizo,4.5,40,Mestizo,North America
24,DRB1*15:01-DQA1*01:02-DQB1*06:02,DRB1*15:01-DQA1*01:02-DQB1*06:02,China Urumqi Uyghur,4.3,57,Oriental,South-East Asia
25,DRB1*15:01-DQA1*01:02-DQB1*06:02,DRB1*15:01-DQA1*01:02-DQB1*06:02/06:11,Russia Siberia Negidal,4.3,35,Siberian,North-East Asia
26,DRB1*15:01-DQA1*01:02-DQB1*06:02,DRB1*15:01-DQA1*01:02-DQB1*06:02,China Urumqi Han,4.2,59,Oriental,South-East Asia
27,DRB1*15:01-DQA1*01:02-DQB1*06:02,DRB1*15:01-DQA1*01:02-DQB1*06:02,Italy Sardinia Cagliari,4.0,87,Caucasoid,Europe
28,DRB1*15:01-DQA1*01:02-DQB1*06:02,DRB1*15:01-DQA1*01:02-DQB1*06:02-DPB1*05:01,South Korea pop 1,3.4,324,Oriental,North-East Asia
29,DRB1*15:01-DQA1*01:02-DQB1*06:02,DRB1*15:01-DQA1*01:02-DQB1*06:02,Greece pop3,3.3,246,Caucasoid,Europe
30,DRB1*15:01-DQA1*01:02-DQB1*06:02,DRB1*15:01-DQA1*01:02-DQB1*06:02,Mexico Guanajuato and Jalisco Mestizo,3.0,101,Mestizo,North America
31,DRB1*15:01-DQA1*01:02-DQB1*06:02,DRB1*15:01-DQA1*01:02-DQB1*06:02,Ethiopia Oromo,3.0,83,Black,North Africa
32,DRB1*15:01-DQA1*01:02-DQB1*06:02,DRB1*15:01:01/15:01:02-DQA1*01:02:01/01:02:02-DQB1*06:02/06:11:01,Russia Siberia Lower Yenisey Ket,2.9,17,Siberian,North-East Asia
33,DRB1*15:01-DQA1*01:02-DQB1*06:02,A*02-B*40-DRB1*15:01-DQA1*01:02-DQB1*06:02,Russia Tuva,2.7,190,Siberian,North-East Asia
34,DRB1*15:01-DQA1*01:02-DQB1*06:02,DRB1*15:01-DQA1*01:02-DQB1*06:02-DPB1*02:01,South Korea pop 2,2.7,207,Oriental,North-East Asia
35,DRB1*15:01-DQA1*01:02-DQB1*06:02,DRB1*15:01-DQA1*01:02-DQB1*06:02,China Urumqi Kazak,2.4,42,Oriental,South-East Asia
36,DRB1*15:01-DQA1*01:02-DQB1*06:02,DRB1*15:01-DQA1*01:02-DQB1*06:02-DPB1*02:01,South Korea pop 1,2.4,324,Oriental,North-East Asia
37,DRB1*15:01-DQA1*01:02-DQB1*06:02,DRB1*15:01-DQA1*01:02-DQB1*06:02,Italy Sardinia Lanusei,2.3,87,Caucasoid,Europe
38,DRB1*15:01-DQA1*01:02-DQB1*06:02,DRB1*15:01-DQA1*01:02-DQB1*06:02-DPB1*05:01,South Korea pop 11,2.3,149,Oriental,North-East Asia
39,DRB1*15:01-DQA1*01:02-DQB1*06:02,A*29:02-B*44:03:01-C*16:01-DRB1*15:01:01-DQA1*01:02-DQB1*06:02,Morocco Atlantic Coast Chaouya,2.1,98,Arab,North Africa
40,DRB1*15:01-DQA1*01:02-DQB1*06:02,DRB1*15:01:01/15:01:02-DQA1*01:02:01/01:02:02-DQB1*06:02/06:11:01,Russia Siberia Dudinka Nganasan,2.1,24,Siberian,North-East Asia
41,DRB1*15:01-DQA1*01:02-DQB1*06:02,DRB1*15:01-DRB5*01:01-DQA1*01:02-DQB1*06:02-DPB1*02:01,USA San Francisco Caucasian,2.1,220,Caucasoid,North America
42,DRB1*15:01-DQA1*01:02-DQB1*06:02,DRB1*15:01-DRB5*01:01-DQA1*01:02-DQB1*06:02-DPB1*02:01,USA San Francisco Caucasian,2.1,220,Caucasoid,North America
43,DRB1*15:01-DQA1*01:02-DQB1*06:02,A*02-B*07-DRB1*15:01-DQA1*01:02-DQB1*06:02,Russia Tuva,2.0,190,Siberian,North-East Asia
44,DRB1*15:01-DQA1*01:02-DQB1*06:02,DRB1*15:01-DQA1*01:02-DQB1*06:02,Tunisia,2.0,100,Arab,North Africa
45,DRB1*15:01-DQA1*01:02-DQB1*06:02,DRB1*15:01-DQA1*01:02-DQB1*06:02-DPA1*02:02-DPB1*05:01,China Zhejiang Han pop 2,1.9747,833,Asian,South-East Asia
46,DRB1*15:01-DQA1*01:02-DQB1*06:02,A*02:05-B*50:01-C*06:02-DRB1*15:01-DQA1*01:02-DQB1*06:02,United Arab Emirates  Abu Dhabi,1.92,52,Arab,Western Asia
47,DRB1*15:01-DQA1*01:02-DQB1*06:02,A*02-B*07-DRB1*15:01-DRB5*01:01-DQA1*01:02-DQB1*06:02,Spain Murcia,1.9,173,Caucasoid,Europe
48,DRB1*15:01-DQA1*01:02-DQB1*06:02,DRB1*15:01-DRB5*01:01-DQA1*01:02-DQB1*06:02-DPB1*04:02,USA San Francisco Caucasian,1.8,220,Caucasoid,North America
49,DRB1*15:01-DQA1*01:02-DQB1*06:02,DRB1*15:01-DRB5*01:01-DQA1*01:02-DQB1*06:02-DPB1*04:02,USA San Francisco Caucasian,1.8,220,Caucasoid,North America
50,DRB1*15:01-DQA1*01:02-DQB1*06:02,DRB1*15:01-DQA1*01:02-DQB1*06:02,Italy Sardinia Tempio,1.6,91,Caucasoid,Europe
51,DRB1*15:01-DQA1*01:02-DQB1*06:02,DRB1*15:01-DQA1*01:02-DQB1*06:02,Ethiopia Amhara,1.5,98,Black,North Africa
52,DRB1*15:01-DQA1*01:02-DQB1*06:02,DRB1*15:01-DQA1*01:02-DQB1*06:02-DPB1*02:01,China Canton Han,1.5,264,Oriental,South-East Asia
53,DRB1*15:01-DQA1*01:02-DQB1*06:02,A*24-B*35-DRB1*15:01-DQA1*01:02-DQB1*06:02,Russia Tuva,1.4,190,Siberian,North-East Asia
54,DRB1*15:01-DQA1*01:02-DQB1*06:02,A*03:01-B*07:02-C*07:02-E*01:03:02-F*01:03:01-G*01:01-DRB1*15:01-DQA1*01:02-DQB1*06:02,Portugal Azores Terceira Island,1.3158,130,Other,Europe
55,DRB1*15:01-DQA1*01:02-DQB1*06:02,A*03:01-B*07:02-C*07:02-DRB1*15:01-DQA1*01:02-DQB1*06:02-DPB1*04:01,USA San Diego,1.302,496,Mixed,North America
56,DRB1*15:01-DQA1*01:02-DQB1*06:02,DRB1*15:01-DQA1*01:02-DQB1*06:02-DPA1*01:03-DPB1*02:01,China Zhejiang Han pop 2,1.2582,833,Asian,South-East Asia
57,DRB1*15:01-DQA1*01:02-DQB1*06:02,A*03-B*07-DRB1*15:01-DQA1*01:02-DQB1*06:02,Brazil   Paraná Caucasian,1.226,641,Caucasoid,South and Central America
58,DRB1*15:01-DQA1*01:02-DQB1*06:02,A*24:02-B*07:02-C*07:02-DRB1*15:01-DQA1*01:02-DQB1*06:02,Kosovo,1.21,124,,Europe
59,DRB1*15:01-DQA1*01:02-DQB1*06:02,DRB1*15:01-DQA1*01:02-DQB1*06:02,Italy Sardinia Sassari,1.1,91,Caucasoid,Europe
60,DRB1*15:01-DQA1*01:02-DQB1*06:02,DRB1*15:01-DQA1*01:02-DQB1*06:02,Italy Sardinia Carbonia,1.1,91,Caucasoid,Europe
61,DRB1*15:01-DQA1*01:02-DQB1*06:02,DRB1*15:01-DQA1*01:02-DQB1*06:02-DPB1*02:01,South Korea pop 11,1.1,149,Oriental,North-East Asia
62,DRB1*15:01-DQA1*01:02-DQB1*06:02,DRB1*15:01-DRB5*01:01-DQA1*01:02-DQB1*06:02-DPB1*23:01,USA San Francisco Caucasian,1.1,220,Caucasoid,North America
63,DRB1*15:01-DQA1*01:02-DQB1*06:02,DRB1*15:01-DRB5*01:01-DQA1*01:02-DQB1*06:02-DPB1*23:01,USA San Francisco Caucasian,1.1,220,Caucasoid,North America
64,DRB1*15:01-DQA1*01:02-DQB1*06:02,DRB1*15:01-DQA1*01:02-DQB1*06:02-DPB1*04:01,South Korea pop 2,1.0,207,Oriental,North-East Asia
65,DRB1*15:01-DQA1*01:02-DQB1*06:02,DRB1*15:01-DQA1*01:02-DQB1*06:02-DPB1*05:01,China Canton Han,1.0,264,Oriental,South-East Asia
66,DRB1*15:01-DQA1*01:02-DQB1*06:02,DRB1*15:01-DQA1*01:02-DQB1*06:02-DPB1*13:01,South Korea pop 2,1.0,207,Oriental,North-East Asia
67,DRB1*01:01-DQA1*01:01-DQB1*05:01,DRB1*01:01-DQA1*01:01-DQB1*05:01,Slovenia pop 2,21.4,140,Caucasoid,Europe
68,DRB1*01:01-DQA1*01:01-DQB1*05:01,DRB1*01:01-DQA1*01:01-DQB1*05:01,England pop 6,10.2,177,Caucasoid,Europe
69,DRB1*01:01-DQA1*01:01-DQB1*05:01,DRB1*01:01-DQA1*01:01-DQB1*05:01,USA European American,9.05,"1,899",Caucasoid,North America
70,DRB1*01:01-DQA1*01:01-DQB1*05:01,DRB1*01:01-DQA1*01:01/01:04/01:05-DQB1*05:01,Russia Tuva pop3,9.0,44,Siberian,North-East Asia
71,DRB1*01:01-DQA1*01:01-DQB1*05:01,DRB1*01:01-DQA1*01:01-DQB1*05:01,Italy Sardinia Sassari,8.8,91,Caucasoid,Europe
72,DRB1*01:01-DQA1*01:01-DQB1*05:01,DRB1*01:01-DQA1*01:01-DQB1*05:01,Russia Northwest Slavic,8.5,200,Caucasoid,North-East Asia
73,DRB1*01:01-DQA1*01:01-DQB1*05:01,DRB1*01:01-DQA1*01:01-DQB1*05:01,Italy Sardinia Tempio,8.2,91,Caucasoid,Europe
74,DRB1*01:01-DQA1*01:01-DQB1*05:01,DRB1*01:01-DQA1*01:01-DQB1*05:01,Mongolia Tarialan Khoton,8.1,85,Oriental,North-East Asia
75,DRB1*01:01-DQA1*01:01-DQB1*05:01,DRB1*01:01-DQA1*01:01-DQB1*05:01,Iran,7.0,58,Persian,Western Asia
76,DRB1*01:01-DQA1*01:01-DQB1*05:01,DRB1*01:01-DQA1*01:01/01:04/01:05-DQB1*05:01,Russia Siberia Khanty Mansi,6.6,68,Siberian,North-East Asia
77,DRB1*01:01-DQA1*01:01-DQB1*05:01,DRB1*01:01-DQA1*01:01:01-DQB1*05:01,South Korea pop 5,6.4,467,Oriental,North-East Asia
78,DRB1*01:01-DQA1*01:01-DQB1*05:01,DRB1*01:01-DQA1*01:01-DQB1*05:01,USA San Francisco Caucasian,6.4,220,Caucasoid,North America
79,DRB1*01:01-DQA1*01:01-DQB1*05:01,DRB1*01:01-DQA1*01:01-DQB1*05:01,Italy Sardinia Cagliari,6.3,87,Caucasoid,Europe
80,DRB1*01:01-DQA1*01:01-DQB1*05:01,DRB1*01:01-DQA1*01:01-DQB1*05:01,South Korea pop 1,6.0,324,Oriental,North-East Asia
81,DRB1*01:01-DQA1*01:01-DQB1*05:01,DRB1*01:01-DQA1*01:01-DQB1*05:01,Italy Sardinia Oristano,6.0,91,Caucasoid,Europe
82,DRB1*01:01-DQA1*01:01-DQB1*05:01,DRB1*01:01-DQA1*01:01/01:02-DQB1*05:01,Iran Yazd Zoroastrian,5.4,65,Persian,Western Asia
83,DRB1*01:01-DQA1*01:01-DQB1*05:01,DRB1*01:01-DQA1*01:01-DQB1*05:01,Greece pop3,5.3,246,Caucasoid,Europe
84,DRB1*01:01-DQA1*01:01-DQB1*05:01,DRB1*01:01-DQA1*01:01-DQB1*05:01,Italy Sardinia Lanusei,5.2,87,Caucasoid,Europe
85,DRB1*01:01-DQA1*01:01-DQB1*05:01,DRB1*01:01-DQA1*01:01-DQB1*05:01,Japan pop 2,4.6,916,Oriental,North-East Asia
86,DRB1*01:01-DQA1*01:01-DQB1*05:01,DRB1*01:01-DQA1*01:01-DQB1*05:01-DPB1*05:01,South Korea pop 11,4.6,149,Oriental,North-East Asia
87,DRB1*01:01-DQA1*01:01-DQB1*05:01,DRB1*01:01-DQA1*01:01/01:04/01:05-DQB1*05:01,Russia Tuva Todja,4.5,22,Siberian,North-East Asia
88,DRB1*01:01-DQA1*01:01-DQB1*05:01,DRB1*01:01-DQA1*01:01-DQB1*05:01,Turkey pop 1,4.4,250,Caucasoid,Western Asia
89,DRB1*01:01-DQA1*01:01-DQB1*05:01,DRB1*01:01-DQA1*01:01/01:04/01:05-DQB1*05:01,Russia Siberia Khabarovsk Evenki,4.0,25,Siberian,North-East Asia
90,DRB1*01:01-DQA1*01:01-DQB1*05:01,DRB1*01:01-DQA1*01:01-DQB1*05:01,Italy Sardinia Sorgono,3.8,93,Caucasoid,Europe
91,DRB1*01:01-DQA1*01:01-DQB1*05:01,DRB1*01:01-DQA1*01:01/01:04-DQB1*05:01,Australia New South Wales Aborigine,3.6,177,Aust. Aboriginal,Australia
92,DRB1*01:01-DQA1*01:01-DQB1*05:01,DRB1*01:01-DQA1*01:01-DQB1*05:01,China Urumqi Kazak,3.6,42,Oriental,South-East Asia
93,DRB1*01:01-DQA1*01:01-DQB1*05:01,DRB1*01:01-DQA1*01:01/01:04/01:05-DQB1*05:01,Russia Siberia Irkutsk Tofalar,3.5,43,Siberian,North-East Asia
94,DRB1*01:01-DQA1*01:01-DQB1*05:01,DRB1*01:01-DQA1*01:01-DQB1*05:01-DPB1*04:02,South Korea pop 2,3.5,207,Oriental,North-East Asia
95,DRB1*01:01-DQA1*01:01-DQB1*05:01,A*24:02-B*07:02-C*07:02-DRB1*01:01-DQA1*01:01-DQB1*05:01-DPA1*01:03-DPB1*04:02,Japan pop 17,3.19,"3,078",Oriental,North-East Asia
96,DRB1*01:01-DQA1*01:01-DQB1*05:01,DRB1*01:01-DQA1*01:01-DQB1*05:01,India Northeast Rajbanshi,3.1,98,Asian,South Asia
97,DRB1*01:01-DQA1*01:01-DQB1*05:01,DRB1*01:01-DQA1*01:01/01:04/01:05-DQB1*05:01,Russia Siberia Negidal,2.9,35,Siberian,North-East Asia
98,DRB1*01:01-DQA1*01:01-DQB1*05:01,DRB1*01:01-DQA1*01:01-DQB1*05:01,India Northeast Mathur,2.9,155,Asian,South Asia
99,DRB1*01:01-DQA1*01:01-DQB1*05:01,DRB1*01:01-DQA1*01:01-DQB1*05:01-DPB1*04:02,South Korea pop 1,2.9,324,Oriental,North-East Asia
100,DRB1*01:01-DQA1*01:01-DQB1*05:01,DRB1*01:01-DQA1*01:01-DQB1*05:01,India Northeast Shia,2.8,190,Asian,South Asia
101,DRB1*01:01-DQA1*01:01-DQB1*05:01,DRB1*01:01-DQA1*01:01/01:04-DQB1*05:01,Mexico Guanajuato and Jalisco Mestizo,2.5,101,Mestizo,North America
102,DRB1*01:01-DQA1*01:01-DQB1*05:01,DRB1*01:01-DQA1*01:01-DQB1*05:01,Equatorial Guinea Bioko Island Bubi,2.5,100,Black,Sub-Saharan Africa
103,DRB1*01:01-DQA1*01:01-DQB1*05:01,DRB1*01:01-DQA1*01:01-DQB1*05:01,Tunisia,2.5,100,Arab,North Africa
104,DRB1*01:01-DQA1*01:01-DQB1*05:01,DRB1*01:01-DQA1*01:01-DQB1*05:01,Mongolia Ulaanbaatar Khalkha,2.4,41,Oriental,North-East Asia
105,DRB1*01:01-DQA1*01:01-DQB1*05:01,DRB1*01:01-DQA1*01:01-DQB1*05:01,Russia Siberia Sulamai Ket,2.3,22,Siberian,North-East Asia
106,DRB1*01:01-DQA1*01:01-DQB1*05:01,DRB1*01:01-DQA1*01:01-DQB1*05:01-DPB1*05:01,South Korea pop 1,2.3,324,Oriental,North-East Asia
107,DRB1*01:01-DQA1*01:01-DQB1*05:01,DRB1*01:01-DQA1*01:01-DQB1*05:01,Congo Kinshasa Bantu,2.2,90,Black,Sub-Saharan Africa
108,DRB1*01:01-DQA1*01:01-DQB1*05:01,DRB1*01:01-DQA1*01:01-DQB1*05:01,Mexico Highlands Mestizos,2.2,160,Mestizo,North America
109,DRB1*01:01-DQA1*01:01-DQB1*05:01,DRB1*01:01-DQA1*01:01/01:04/01:05-DQB1*05:01,Russia Siberia Dudinka Nganasan,2.1,24,Siberian,North-East Asia
110,DRB1*01:01-DQA1*01:01-DQB1*05:01,DRB1*01:01-DQA1*01:01/01:04/01:05-DQB1*05:01,Russia Siberia Kushun Buryat,2.0,25,Siberian,North-East Asia
111,DRB1*01:01-DQA1*01:01-DQB1*05:01,DRB1*01:01-DQA1*01:01-DQB1*05:01,India Northeast Vaish,2.0,198,Asian,South Asia
112,DRB1*01:01-DQA1*01:01-DQB1*05:01,DRB1*01:01-DQA1*01:01-DQB1*05:01,India Northeast Rastogi,1.7,196,Asian,South Asia
113,DRB1*01:01-DQA1*01:01-DQB1*05:01,DRB1*01:01-DQA1*01:01-DQB1*05:01-DPB1*02:01,South Korea pop 2,1.7,207,Oriental,North-East Asia
114,DRB1*01:01-DQA1*01:01-DQB1*05:01,DRB1*01:01-DQA1*01:01-DQB1*05:01-DPB1*05:01,South Korea pop 2,1.7,207,Oriental,North-East Asia
115,DRB1*01:01-DQA1*01:01-DQB1*05:01,DRB1*01:01-DQA1*01:01-DQB1*05:01,India Northeast Sunni,1.6,188,Asian,South Asia
116,DRB1*01:01-DQA1*01:01-DQB1*05:01,A*02:01-B*07:02-C*07:02-E*01:03:02-F*01:01:01-G*01:01-DRB1*01:01-DQA1*01:01-DQB1*05:01,Portugal Azores Terceira Island,1.3158,130,Other,Europe
117,DRB1*01:01-DQA1*01:01-DQB1*05:01,DRB1*01:01-DQA1*01:01-DQB1*05:01,Mexico Nuevo Leon Mestizo,1.3,40,Mestizo,North America
118,DRB1*01:01-DQA1*01:01-DQB1*05:01,DRB1*01:01-DQA1*01:01-DQB1*05:01-DPB1*02:01,South Korea pop 11,1.3,149,Oriental,North-East Asia
119,DRB1*01:01-DQA1*01:01-DQB1*05:01,DRB1*01:01-DQA1*01:01-DQB1*05:01-DPB1*04:02,South Korea pop 11,1.2,149,Oriental,North-East Asia
120,DRB1*01:01-DQA1*01:01-DQB1*05:01,A*24-B*35-DRB1*01:01-DQA1*01:01-DQB1*05:01,Greece Crete,1.1,135,Caucasoid,Europe
121,DRB1*01:01-DQA1*01:01-DQB1*05:01,A*01:01-B*08:01-C*07:01-DRB1*01:01-DQA1*01:01-DQB1*05:01-DPB1*04:01,USA San Diego,1.042,496,Mixed,North America
122,DRB1*01:01-DQA1*01:01-DQB1*05:01,A*11:01-B*27:03-C*01:02-DRB1*01:01-DQA1*01:01-DQB1*05:01,Brazil  Puyanawa,1.0,150,Other,South and Central America
123,DRB1*03:01-DQA1*05:01-DQB1*02:01,DRB1*03:01-DQA1*05:01-DQB1*02:01,Italy Sardinia Sorgono,25.3,93,Caucasoid,Europe
124,DRB1*03:01-DQA1*05:01-DQB1*02:01,DRB1*03:01-DQA1*05:01-DQB1*02:01,Italy Sardinia Carbonia,23.1,91,Caucasoid,Europe
125,DRB1*03:01-DQA1*05:01-DQB1*02:01,DRB1*03:01-DQA1*05:01-DQB1*02:01,Italy Sardinia Sassari,22.1,91,Caucasoid,Europe
126,DRB1*03:01-DQA1*05:01-DQB1*02:01,DRB1*03:01-DQA1*05:01-DQB1*02:01,Slovenia pop 2,22.0,140,Caucasoid,Europe
127,DRB1*03:01-DQA1*05:01-DQB1*02:01,DRB1*03:01-DQA1*05:01-DQB1*02:01,Italy Sardinia Cagliari,21.3,87,Caucasoid,Europe
128,DRB1*03:01-DQA1*05:01-DQB1*02:01,DRB1*03:01-DQA1*05:01-DQB1*02:01,Italy Sardinia Lanusei,21.3,87,Caucasoid,Europe
129,DRB1*03:01-DQA1*05:01-DQB1*02:01,DRB1*03:01-DQA1*05:01-DQB1*02:01,Italy Sardinia Oristano,20.9,91,Caucasoid,Europe
130,DRB1*03:01-DQA1*05:01-DQB1*02:01,DRB1*03:01-DQA1*05:01-DQB1*02:01,Italy Sardinia Tempio,19.8,91,Caucasoid,Europe
131,DRB1*03:01-DQA1*05:01-DQB1*02:01,DRB1*03:01-DQA1*05:01-DQB1*02:01,Morocco Souss Region,17.3,98,Arab,North Africa
132,DRB1*03:01-DQA1*05:01-DQB1*02:01,DRB1*03:01-DQA1*05:01-DQB1*02:01,USA San Francisco Caucasian,14.4,220,Caucasoid,North America
133,DRB1*03:01-DQA1*05:01-DQB1*02:01,DRB1*03:01-DQA1*05:01-DQB1*02:01,USA European American,13.14,"1,899",Caucasoid,North America
134,DRB1*03:01-DQA1*05:01-DQB1*02:01,DRB1*03:01-DQA1*05:01-DQB1*02:01,China Urumqi Kazak,13.1,42,Oriental,South-East Asia
135,DRB1*03:01-DQA1*05:01-DQB1*02:01,DRB1*03:01-DQA1*05:01-DQB1*02:01,England pop 6,12.7,177,Caucasoid,Europe
136,DRB1*03:01-DQA1*05:01-DQB1*02:01,DRB1*03:01:01-DQA1*05:01-DQB1*02:01,Morocco Settat Chaouya,12.3,98,Caucasoid,North Africa
137,DRB1*03:01-DQA1*05:01-DQB1*02:01,DRB1*03:01-DQA1*05:01-DQB1*02:01,Australia New South Wales Aborigine,11.4,177,Aust. Aboriginal,Australia
138,DRB1*03:01-DQA1*05:01-DQB1*02:01,DRB1*03:01-DQA1*05:01-DQB1*02:01,Mexico Guanajuato and Jalisco Mestizo,11.4,101,Mestizo,North America
139,DRB1*03:01-DQA1*05:01-DQB1*02:01,DRB1*03:01-DQA1*05:01-DQB1*02:01,Algeria pop 2,11.3,106,Arab,North Africa
140,DRB1*03:01-DQA1*05:01-DQB1*02:01,DRB1*03:01-DQA1*05:01-DQB1*02:01,Iran Fars Parsi,11.0,73,Persian,Western Asia
141,DRB1*03:01-DQA1*05:01-DQB1*02:01,DRB1*03:01-DQA1*05:01-DQB1*02:01,Tunisia,10.0,100,Arab,North Africa
142,DRB1*03:01-DQA1*05:01-DQB1*02:01,DRB1*03:01-DQA1*05:01-DQB1*02:01,Turkey pop 1,9.4,250,Caucasoid,Western Asia
143,DRB1*03:01-DQA1*05:01-DQB1*02:01,DRB1*03:01-DQA1*05:01-DQB1*02:01,Russia Northwest Slavic,9.0,200,Caucasoid,North-East Asia
144,DRB1*03:01-DQA1*05:01-DQB1*02:01,DRB1*03:01-DQA1*05:01-DQB1*02:01,China Urumqi Han,7.6,59,Oriental,South-East Asia
145,DRB1*03:01-DQA1*05:01-DQB1*02:01,DRB1*03:01-DQA1*05:01/05:03/05:05-DQB1*02:01/02:02,Russia Siberia Khanty Mansi,7.4,68,Siberian,North-East Asia
146,DRB1*03:01-DQA1*05:01-DQB1*02:01,DRB1*03:01-DQA1*05:01/05:03/05:05-DQB1*02:01/02:02,Russia Tuva pop3,6.8,44,Siberian,North-East Asia
147,DRB1*03:01-DQA1*05:01-DQB1*02:01,DRB1*03:01-DQA1*05:01-DQB1*02:01,Congo Kinshasa Bantu,6.7,90,Black,Sub-Saharan Africa
148,DRB1*03:01-DQA1*05:01-DQB1*02:01,DRB1*03:01-DQA1*05:01-DQB1*02:01,Iran Kurd,6.5,100,Kurd,Western Asia
149,DRB1*03:01-DQA1*05:01-DQB1*02:01,DRB1*03:01-DQA1*05:01-DQB1*02:01,Mongolia Tarialan Khoton,6.4,85,Oriental,North-East Asia
150,DRB1*03:01-DQA1*05:01-DQB1*02:01,DRB1*03:01:01-DQA1*05:01-DQB1*02:01,Cameroon Yaounde,6.3,92,Black,Sub-Saharan Africa
151,DRB1*03:01-DQA1*05:01-DQB1*02:01,DRB1*03:01-DQA1*05:01-DQB1*02:01,Greece pop3,6.3,246,Caucasoid,Europe
152,DRB1*03:01-DQA1*05:01-DQB1*02:01,DRB1*03:01-DQA1*05:01-DQB1*02:01,Mongolia Ulaanbaatar Khalkha,6.1,41,Oriental,North-East Asia
153,DRB1*03:01-DQA1*05:01-DQB1*02:01,DRB1*03:01-DQA1*05:01-DQB1*02:01/06:01,Iran Azeri,6.0,100,Persian,Western Asia
154,DRB1*03:01-DQA1*05:01-DQB1*02:01,DRB1*03:01-DRB3*01:01-DQA1*05:01-DQB1*02:01-DPB1*04:01,USA San Francisco Caucasian,5.7,220,Caucasoid,North America
155,DRB1*03:01-DQA1*05:01-DQB1*02:01,DRB1*03:01-DRB3*01:01-DQA1*05:01-DQB1*02:01-DPB1*04:01,USA San Francisco Caucasian,5.7,220,Caucasoid,North America
156,DRB1*03:01-DQA1*05:01-DQB1*02:01,DRB1*03:01-DQA1*05:01-DQB1*02:01,Iran Yazd Zoroastrian,5.4,65,Persian,Western Asia
157,DRB1*03:01-DQA1*05:01-DQB1*02:01,DRB1*03:01-DQA1*05:01-DQB1*02:01,India Northeast Kayastha,4.9,190,Asian,South Asia
158,DRB1*03:01-DQA1*05:01-DQB1*02:01,DRB1*03:01-DQA1*05:01-DQB1*02:01,India Uttar Pradesh,4.8,202,Asian,South Asia
159,DRB1*03:01-DQA1*05:01-DQB1*02:01,DRB1*03:01-DQA1*05:01-DQB1*02:01,India Northeast Mathur,4.5,155,Asian,South Asia
160,DRB1*03:01-DQA1*05:01-DQB1*02:01,DRB1*03:01-DQA1*05:01-DQB1*02:01-DPB1*04:01,China Canton Han,4.5,264,Oriental,South-East Asia
161,DRB1*03:01-DQA1*05:01-DQB1*02:01,DRB1*03:01-DQA1*05:01-DQB1*02:01,Mexico Highlands Mestizos,4.1,160,Mestizo,North America
162,DRB1*03:01-DQA1*05:01-DQB1*02:01,DRB1*03:01-DQA1*05:01/05:03/05:05-DQB1*02:01/02:02,Russia Siberia Kushun Buryat,4.0,25,Siberian,North-East Asia
163,DRB1*03:01-DQA1*05:01-DQB1*02:01,DRB1*03:01-DRB3*01:01-DQA1*05:01-DQB1*02:01-DPB1*01:01,USA San Francisco Caucasian,3.9,220,Caucasoid,North America
164,DRB1*03:01-DQA1*05:01-DQB1*02:01,DRB1*03:01-DRB3*01:01-DQA1*05:01-DQB1*02:01-DPB1*01:01,USA San Francisco Caucasian,3.9,220,Caucasoid,North America
165,DRB1*03:01-DQA1*05:01-DQB1*02:01,A*68:01-B*08:01-C*07:02-DRB1*03:01-DQA1*05:01-DQB1*02:01,United Arab Emirates  Abu Dhabi,3.85,52,Arab,Western Asia
166,DRB1*03:01-DQA1*05:01-DQB1*02:01,DRB1*03:01-DQA1*05:01-DQB1*02:01,Mexico Nuevo Leon Mestizo,3.8,40,Mestizo,North America
167,DRB1*03:01-DQA1*05:01-DQB1*02:01,DRB1*03:01-DQA1*05:01-DQB1*02:01,India Northeast Rastogi,3.8,196,Asian,South Asia
168,DRB1*03:01-DQA1*05:01-DQB1*02:01,DRB1*03:01-DQA1*05:01-DQB1*02:01-DPA1*01:03-DPB1*04:01,China Zhejiang Han pop 2,3.6055,833,Asian,South-East Asia
169,DRB1*03:01-DQA1*05:01-DQB1*02:01,A*30-B*18-DRB1*03:01-DRB3*02:02-DQA1*05:01-DQB1*02:01,Spain Murcia,3.5,173,Caucasoid,Europe
170,DRB1*03:01-DQA1*05:01-DQB1*02:01,A*02:01-B*18:01-C*05:01-DRB1*03:01-DQA1*05:01-DQB1*02:01,Brazil  Puyanawa,3.3333,150,Other,South and Central America
171,DRB1*03:01-DQA1*05:01-DQB1*02:01,DRB1*03:01-DQA1*05:01-DQB1*02:01,India Northeast Vaish,3.3,198,Asian,South Asia
172,DRB1*03:01-DQA1*05:01-DQB1*02:01,DRB1*03:01-DQA1*05:01-DQB1*02:01,India Northeast Shia,3.3,190,Asian,South Asia
173,DRB1*03:01-DQA1*05:01-DQB1*02:01,DRB1*03:01-DQA1*05:01-DQB1*02:01,India Northeast Sunni,3.3,188,Asian,South Asia
174,DRB1*03:01-DQA1*05:01-DQB1*02:01,DRB1*03:01-DQA1*05:01-DQB1*02:01,Canada British Columbia Athabaskan,3.2,62,Amerindian,North America
175,DRB1*03:01-DQA1*05:01-DQB1*02:01,DRB1*03:01-DQA1*05:01:01-DQB1*02:01,South Korea pop 5,3.0,467,Oriental,North-East Asia
176,DRB1*03:01-DQA1*05:01-DQB1*02:01,A*01-B*08-DRB1*03:01-DQA1*05:01-DQB1*02:01,Brazil   Paraná Caucasian,2.8848,641,Caucasoid,South and Central America
177,DRB1*03:01-DQA1*05:01-DQB1*02:01,A*32:01-B*08:01-C*07:02-DRB1*03:01-DQA1*05:01-DQB1*02:01,United Arab Emirates  Abu Dhabi,2.88,52,Arab,Western Asia
178,DRB1*03:01-DQA1*05:01-DQB1*02:01,A*01:01-B*08:01-C*07:01-DRB1*03:01-DQA1*05:01-DQB1*02:01,Kosovo,2.419,124,,Europe
179,DRB1*03:01-DQA1*05:01-DQB1*02:01,A*01:01-B*08:01-C*07:01-DRB1*03:01-DQA1*05:01-DQB1*02:01-DPB1*04:01,USA San Diego,2.344,496,Mixed,North America
180,DRB1*03:01-DQA1*05:01-DQB1*02:01,A*01-B*08-DRB1*03:01-DRB3*01:01-DQA1*05:01-DQB1*02:01,Spain Murcia,2.3,173,Caucasoid,Europe
181,DRB1*03:01-DQA1*05:01-DQB1*02:01,DRB1*03:01-DQA1*05:01/05:03/05:05-DQB1*02:01/02:02,Russia Tuva Todja,2.3,22,Siberian,North-East Asia
182,DRB1*03:01-DQA1*05:01-DQB1*02:01,DRB1*03:01-DQA1*05:01-DQB1*02:01,South Korea pop 1,2.2,324,Oriental,North-East Asia
183,DRB1*03:01-DQA1*05:01-DQB1*02:01,A*01:01:01-B*50:01-C*06:02-DRB1*03:01-DQA1*05:01-DQB1*02:01,Morocco Atlantic Coast Chaouya,2.1,98,Arab,North Africa
184,DRB1*03:01-DQA1*05:01-DQB1*02:01,DRB1*03:01-DQA1*05:01/05:03/05:05-DQB1*02:01/02:02,Russia Siberia Khabarovsk Evenki,2.0,25,Siberian,North-East Asia
185,DRB1*03:01-DQA1*05:01-DQB1*02:01,A*02:01-B*51:01-C*16:02-DRB1*03:01-DQA1*05:01-DQB1*02:01,United Arab Emirates  Abu Dhabi,1.92,52,Arab,Western Asia
186,DRB1*03:01-DQA1*05:01-DQB1*02:01,A*68:02-B*15:10-C*03:04-DRB1*03:01-DQA1*05:01-DQB1*02:01-DPB1*01:01,South Africa Worcester,1.9,159,Black,Sub-Saharan Africa
187,DRB1*03:01-DQA1*05:01-DQB1*02:01,DRB1*03:01-DQA1*05:01-DQB1*02:01-DPB1*04:01,South Korea pop 11,1.7,149,Oriental,North-East Asia
188,DRB1*03:01-DQA1*05:01-DQB1*02:01,A*03:01-B*47:01-C*06:02-DRB1*03:01-DQA1*05:01-DQB1*02:01-DPB1*15:01,South Africa Worcester,1.6,159,Black,Sub-Saharan Africa
189,DRB1*03:01-DQA1*05:01-DQB1*02:01,A*24-B*40-DRB1*03:01-DQA1*05:01-DQB1*02:01,Russia Tuva,1.5,190,Siberian,North-East Asia
190,DRB1*03:01-DQA1*05:01-DQB1*02:01,DRB1*03:01-DQA1*05:01-DQB1*02:01-DPB1*04:01,South Korea pop 1,1.5,324,Oriental,North-East Asia
191,DRB1*03:01-DQA1*05:01-DQB1*02:01,DRB1*03:01-DQA1*05:01/05:03/05:05-DQB1*02:01/02:02,Russia Siberia Ulchi,1.4,73,Siberian,North-East Asia
192,DRB1*03:01-DQA1*05:01-DQB1*02:01,A*31:01-B*51:01-C*16:01-DRB1*03:01-DQA1*05:01-DQB1*02:01,Brazil  Puyanawa,1.3333,150,Other,South and Central America
193,DRB1*03:01-DQA1*05:01-DQB1*02:01,A*33:03-B*58:01-C*03:02-DRB1*03:01-DQA1*05:01-DQB1*02:01-DPB1*04:01,Sri Lanka Colombo,1.2605,714,Asian,South Asia
194,DRB1*03:01-DQA1*05:01-DQB1*02:01,DRB1*03:01-DQA1*05:01/05:03/05:05-DQB1*02:01/02:02,Russia Siberia Irkutsk Tofalar,1.2,43,Siberian,North-East Asia
195,DRB1*03:01-DQA1*05:01-DQB1*02:01,DRB1*03:01-DQA1*05:01:01-DQB1*02:01-DPB1*04:01,South Korea pop 2,1.2,207,Oriental,North-East Asia
196,DRB1*03:01-DQA1*05:01-DQB1*02:01,A*02-B*18-DRB1*03:01-DQA1*05:01-DQB1*02:01,Brazil   Paraná Caucasian,1.0907,641,Caucasoid,South and Central America
197,DRB1*03:01-DQA1*05:01-DQB1*02:01,A*01:01-B*08:01-C*07:01-DRB1*03:01-DQA1*05:01-DQB1*02:01-DPB1*01:01,USA San Diego,1.042,496,Mixed,North America
198,DRB1*03:01-DQA1*05:01-DQB1*02:01,A*01:01-B*08:01-C*07:01-DRB1*03:01-DQA1*05:01-DQB1*02:01-DPB1*01:01,South Africa Worcester,1.0,159,Black,Sub-Saharan Africa
199,DRB1*03:01-DQA1*05:01-DQB1*02:01,A*23:01-B*14:02-C*08:02-DRB1*03:01-DQA1*05:01-DQB1*02:01-DPB1*18:01,"Kenya, Nyanza Province, Luo tribe",1.0,100,Black,Sub-Saharan Africa
200,DRB1*03:01-DQA1*05:01-DQB1*02:01,A*30:02-B*08:01-C*07:01-DRB1*03:01-DQA1*05:01-DQB1*02:01-DPB1*04:02,"Kenya, Nyanza Province, Luo tribe",1.0,100,Black,Sub-Saharan Africa
201,DRB1*03:01-DQA1*05:01-DQB1*02:01,A*30:02-B*15:10-C*03:04-DRB1*03:01-DQA1*05:01-DQB1*02:01-DPB1*01:01,"Kenya, Nyanza Province, Luo tribe",1.0,100,Black,Sub-Saharan Africa
202,DRB1*03:01-DQA1*05:01-DQB1*02:01,A*68:02-B*15:10-C*03:04-DRB1*03:01-DQA1*05:01-DQB1*02:01-DPB1*01:01,"Kenya, Nyanza Province, Luo tribe",1.0,100,Black,Sub-Saharan Africa
203,DRB1*03:01-DQA1*05:01-DQB1*02:01,DRB1*03:01-DRB3*01:01-DQA1*05:01-DQB1*02:01-DPB1*02:01,USA San Francisco Caucasian,1.0,220,Caucasoid,North America
204,DRB1*03:01-DQA1*05:01-DQB1*02:01,DRB1*03:01-DRB3*01:01-DQA1*05:01-DQB1*02:01-DPB1*02:01,USA San Francisco Caucasian,1.0,220,Caucasoid,North America
205,DRB1*03:01-DQA1*05:01-DQB1*02:01,DRB1*03:01-DRB3*01:01-DQA1*05:01-DQB1*02:01-DPB1*04:02,USA San Francisco Caucasian,1.0,220,Caucasoid,North America
206,DRB1*03:01-DQA1*05:01-DQB1*02:01,DRB1*03:01-DRB3*01:01-DQA1*05:01-DQB1*02:01-DPB1*04:02,USA San Francisco Caucasian,1.0,220,Caucasoid,North America
207,DRB1*11:01-DQA1*05:01-DQB1*03:01,DRB1*11:01-DQA1*05:01/05:03/05:05-DQB1*03:01/03:09,Russia Siberia Dudinka Nganasan,18.8,24,Siberian,North-East Asia
208,DRB1*11:01-DQA1*05:01-DQB1*03:01,DRB1*11:01:01-DQA1*05:01-DQB1*03:01,Slovenia pop 2,13.6,140,Caucasoid,Europe
209,DRB1*11:01-DQA1*05:01-DQB1*03:01,DRB1*11:01-DQA1*05:01-DQB1*03:01,Turkey pop 1,9.8,250,Caucasoid,Western Asia
210,DRB1*11:01-DQA1*05:01-DQB1*03:01,DRB1*11:01-DQA1*05:01/05:03/05:05-DQB1*03:01/03:09,Russia Siberia Irkutsk Tofalar,9.3,43,Siberian,North-East Asia
211,DRB1*11:01-DQA1*05:01-DQB1*03:01,DRB1*11:01-DQA1*05:01/05:03/05:05-DQB1*03:01/03:09,Russia Tuva Todja,9.1,22,Siberian,North-East Asia
212,DRB1*11:01-DQA1*05:01-DQB1*03:01,DRB1*11:01-DQA1*05:01/05:03/05:05-DQB1*03:01/03:09,Russia Siberia Lower Yenisey Ket,8.8,17,Siberian,North-East Asia
213,DRB1*11:01-DQA1*05:01-DQB1*03:01,DRB1*11:01-DQA1*05:01-DQB1*03:01,Italy Sardinia Sorgono,8.6,93,Caucasoid,Europe
214,DRB1*11:01-DQA1*05:01-DQB1*03:01,DRB1*11:01-DQA1*05:01-DQB1*03:01,Italy Sardinia Sassari,8.3,91,Caucasoid,Europe
215,DRB1*11:01-DQA1*05:01-DQB1*03:01,DRB1*11:01-DQA1*05:01-DQB1*03:01,Greece pop3,7.7,246,Caucasoid,Europe
216,DRB1*11:01-DQA1*05:01-DQB1*03:01,DRB1*11:01-DQA1*05:01-DQB1*03:01,Italy Sardinia Lanusei,6.9,87,Caucasoid,Europe
217,DRB1*11:01-DQA1*05:01-DQB1*03:01,DRB1*11:01-DQA1*05:01-DQB1*03:01,Italy Sardinia Carbonia,6.6,91,Caucasoid,Europe
218,DRB1*11:01-DQA1*05:01-DQB1*03:01,DRB1*11:01-DQA1*05:01-DQB1*03:01,India Uttar Pradesh,6.6,202,Asian,South Asia
219,DRB1*11:01-DQA1*05:01-DQB1*03:01,DRB1*11:01-DQA1*05:01-DQB1*03:01,Italy Sardinia Oristano,6.6,91,Caucasoid,Europe
220,DRB1*11:01-DQA1*05:01-DQB1*03:01,DRB1*11:01-DQA1*05:01-DQB1*03:01,Iran Kurd,6.5,100,Kurd,Western Asia
221,DRB1*11:01-DQA1*05:01-DQB1*03:01,DRB1*11:01-DQA1*05:01-DQB1*03:01,Iran Azeri,6.0,100,Persian,Western Asia
222,DRB1*11:01-DQA1*05:01-DQB1*03:01,DRB1*11:01-DQA1*05:01/05:03/05:05-DQB1*03:01/03:09,Russia Tuva pop3,5.7,44,Siberian,North-East Asia
223,DRB1*11:01-DQA1*05:01-DQB1*03:01,DRB1*11:01-DQA1*05:01-DQB1*03:01,USA European American,5.58,"1,899",Caucasoid,North America
224,DRB1*11:01-DQA1*05:01-DQB1*03:01,DRB1*11:01-DQA1*05:01-DQB1*03:01,Iran Fars Parsi,5.5,73,Persian,Western Asia
225,DRB1*11:01-DQA1*05:01-DQB1*03:01,DRB1*11:01-DQA1*05:01-DQB1*03:01,Russia Northwest Slavic,5.5,200,Caucasoid,North-East Asia
226,DRB1*11:01-DQA1*05:01-DQB1*03:01,DRB1*11:01-DQA1*05:01-DQB1*03:01,USA San Francisco Caucasian,5.3,220,Caucasoid,North America
227,DRB1*11:01-DQA1*05:01-DQB1*03:01,DRB1*11:01-DQA1*05:01-DQB1*03:01,Tunisia,5.0,100,Arab,North Africa
228,DRB1*11:01-DQA1*05:01-DQB1*03:01,DRB1*11:01-DQA1*05:01-DQB1*03:01,Italy Sardinia Tempio,4.9,91,Caucasoid,Europe
229,DRB1*11:01-DQA1*05:01-DQB1*03:01,DRB1*11:01-DQA1*05:01-DQB1*03:01,China Urumqi Kazak,4.8,42,Oriental,South-East Asia
230,DRB1*11:01-DQA1*05:01-DQB1*03:01,DRB1*11:01-DQA1*05:01-DQB1*03:01,Algeria pop 2,4.7,106,Arab,North Africa
231,DRB1*11:01-DQA1*05:01-DQB1*03:01,DRB1*11:01-DQA1*05:01-DQB1*03:01,Italy Sardinia Cagliari,4.6,87,Caucasoid,Europe
232,DRB1*11:01-DQA1*05:01-DQB1*03:01,DRB1*11:01/11:04-DQA1*05:01-DQB1*03:01,England pop 6,4.0,177,Caucasoid,Europe
233,DRB1*11:01-DQA1*05:01-DQB1*03:01,DRB1*11:01-DQA1*05:01-DQB1*03:01,India Northeast Sunni,4.0,188,Asian,South Asia
234,DRB1*11:01-DQA1*05:01-DQB1*03:01,DRB1*11:01-DQA1*05:01-DQB1*03:01,India Northeast Vaish,3.7,198,Asian,South Asia
235,DRB1*11:01-DQA1*05:01-DQB1*03:01,DRB1*11:01-DQA1*05:01-DQB1*03:01,India Northeast Kayastha,3.6,190,Asian,South Asia
236,DRB1*11:01-DQA1*05:01-DQB1*03:01,DRB1*11:01-DQA1*05:01-DQB1*03:01,India Northeast Rastogi,3.3,196,Asian,South Asia
237,DRB1*11:01-DQA1*05:01-DQB1*03:01,DRB1*11:01-DQA1*05:01-DQB1*03:01,India Northeast Mech,3.2,63,Asian,South Asia
238,DRB1*11:01-DQA1*05:01-DQB1*03:01,DRB1*11:01-DQA1*05:01-DQB1*03:01,India Northeast Mathur,3.2,155,Asian,South Asia
239,DRB1*11:01-DQA1*05:01-DQB1*03:01,DRB1*11:01-DQA1*05:01-DQB1*03:01,Mexico Highlands Mestizos,3.1,160,Mestizo,North America
240,DRB1*11:01-DQA1*05:01-DQB1*03:01,DRB1*11:01-DQA1*05:01-DQB1*03:01,Iran Yazd Zoroastrian,3.1,65,Persian,Western Asia
241,DRB1*11:01-DQA1*05:01-DQB1*03:01,DRB1*11:01-DQA1*05:01-DQB1*03:01-DPB1*05:01,China Canton Han,3.0,264,Oriental,South-East Asia
242,DRB1*11:01-DQA1*05:01-DQB1*03:01,DRB1*11:01:01-DQA1*05:01-DQB1*03:01,Russia Siberia Polygus Evenk,2.9,35,Siberian,North-East Asia
243,DRB1*11:01-DQA1*05:01-DQB1*03:01,DRB1*11:01-DQA1*05:01/05:03/05:05-DQB1*03:01/03:09,Russia Siberia Negidal,2.9,35,Siberian,North-East Asia
244,DRB1*11:01-DQA1*05:01-DQB1*03:01,DRB1*11:01-DQA1*05:01-DQB1*03:01,India Northeast Shia,2.8,190,Asian,South Asia
245,DRB1*11:01-DQA1*05:01-DQB1*03:01,DRB1*11:01-DQA1*05:01/05:03/05:05-DQB1*03:01/03:09,Russia Siberia Ulchi,2.7,73,Siberian,North-East Asia
246,DRB1*11:01-DQA1*05:01-DQB1*03:01,DRB1*11:01-DQA1*05:01-DQB1*03:01,Japan pop 2,2.6,916,Oriental,North-East Asia
247,DRB1*11:01-DQA1*05:01-DQB1*03:01,DRB1*11:01-DQA1*05:01-DQB1*03:01,India Northeast Lachung,2.6,58,Asian,South Asia
248,DRB1*11:01-DQA1*05:01-DQB1*03:01,DRB1*11:01-DQA1*05:01-DQB1*03:01,Ethiopia Amhara,2.6,98,Black,North Africa
249,DRB1*11:01-DQA1*05:01-DQB1*03:01,DRB1*11:01-DQA1*05:01-DQB1*03:01,Mexico Nuevo Leon Mestizo,2.5,40,Mestizo,North America
250,DRB1*11:01-DQA1*05:01-DQB1*03:01,DRB1*11:01-DQA1*05:01-DQB1*03:01,Mexico Guanajuato and Jalisco Mestizo,2.5,101,Mestizo,North America
251,DRB1*11:01-DQA1*05:01-DQB1*03:01,DRB1*11:01-DRB3*02:02-DQA1*05:01-DQB1*03:01-DPB1*04:01,USA San Francisco Caucasian,2.5,220,Caucasoid,North America
252,DRB1*11:01-DQA1*05:01-DQB1*03:01,DRB1*11:01-DRB3*02:02-DQA1*05:01-DQB1*03:01-DPB1*04:01,USA San Francisco Caucasian,2.5,220,Caucasoid,North America
253,DRB1*11:01-DQA1*05:01-DQB1*03:01,DRB1*11:01-DQA1*05:01-DQB1*03:01,Gabon Haut-Ogooue Dienga,2.4,167,Black,Sub-Saharan Africa
254,DRB1*11:01-DQA1*05:01-DQB1*03:01,DRB1*11:01:01-DQA1*05:01-DQB1*03:01,Russia Siberia Sulamai Ket,2.3,22,Siberian,North-East Asia
255,DRB1*11:01-DQA1*05:01-DQB1*03:01,DRB1*11:01-DQA1*05:01-DQB1*03:01,Ethiopia Oromo,1.8,83,Black,North Africa
256,DRB1*11:01-DQA1*05:01-DQB1*03:01,DRB1*11:01-DQA1*05:01-DQB1*03:01-DPB1*02:01,China Canton Han,1.6,264,Oriental,South-East Asia
257,DRB1*11:01-DQA1*05:01-DQB1*03:01,A*74:01-B*15:03-C*02:10-DRB1*11:01-DQA1*05:01-DQB1*03:01-DPB1*13:01,"Kenya, Nyanza Province, Luo tribe",1.5,100,Black,Sub-Saharan Africa
258,DRB1*11:01-DQA1*05:01-DQB1*03:01,DRB1*11:01-DQA1*05:01/05:03/05:05-DQB1*03:01/03:09,Russia Siberia Khanty Mansi,1.5,68,Siberian,North-East Asia
259,DRB1*11:01-DQA1*05:01-DQB1*03:01,A*23-B*35-DRB1*11:01-DQA1*05:01-DQB1*03:01,Greece Crete,1.1,135,Caucasoid,Europe
260,DRB1*11:01-DQA1*05:01-DQB1*03:01,DRB1*11:01-DRB3*02:02-DQA1*05:01-DQB1*03:01-DPB1*04:02,USA San Francisco Caucasian,1.1,220,Caucasoid,North America
261,DRB1*11:01-DQA1*05:01-DQB1*03:01,DRB1*11:01-DRB3*02:02-DQA1*05:01-DQB1*03:01-DPB1*04:02,USA San Francisco Caucasian,1.1,220,Caucasoid,North America
290,DRB1*12:01-DQA1*05:01-DQB1*03:01,DRB1*12:01/12:06-DQA1*05:01/05:03/05:05-DQB1*03:01/03:09,Russia Siberia Lower Yenisey Ket,17.7,17,Siberian,North-East Asia
291,DRB1*12:01-DQA1*05:01-DQB1*03:01,DRB1*12:01/12:06-DQA1*05:01/05:03/05:05-DQB1*03:01/03:09,Russia Siberia Irkutsk Tofalar,17.4,43,Siberian,North-East Asia
292,DRB1*12:01-DQA1*05:01-DQB1*03:01,DRB1*12:01/12:06-DQA1*05:01/05:03/05:05-DQB1*03:01/03:09,Russia Tuva Todja,13.7,22,Siberian,North-East Asia
293,DRB1*12:01-DQA1*05:01-DQB1*03:01,DRB1*12:01/12:06-DQA1*05:01/05:03/05:05-DQB1*03:01/03:09,Russia Siberia Ulchi,13.0,73,Siberian,North-East Asia
294,DRB1*12:01-DQA1*05:01-DQB1*03:01,DRB1*12:01/12:06-DQA1*05:01/05:03/05:05-DQB1*03:01/03:09,Russia Siberia Dudinka Nganasan,12.5,24,Siberian,North-East Asia
295,DRB1*12:01-DQA1*05:01-DQB1*03:01,DRB1*12:01/12:06-DQA1*05:01/05:03/05:05-DQB1*03:01/03:09,Russia Tuva pop3,10.2,44,Siberian,North-East Asia
296,DRB1*12:01-DQA1*05:01-DQB1*03:01,DRB1*12:01-DQA1*05:01-DQB1*03:01,Canada British Columbia Athabaskan,8.9,62,Amerindian,North America
297,DRB1*12:01-DQA1*05:01-DQB1*03:01,DRB1*12:01/12:06-DQA1*05:01/05:03/05:05-DQB1*03:01/03:09,Russia Siberia Khanty Mansi,8.8,68,Siberian,North-East Asia
298,DRB1*12:01-DQA1*05:01-DQB1*03:01,DRB1*12:01/12:06-DQA1*05:01/05:03/05:05-DQB1*03:01/03:09,Russia Siberia Khabarovsk Evenki,8.0,25,Siberian,North-East Asia
299,DRB1*12:01-DQA1*05:01-DQB1*03:01,DRB1*12:01/12:06-DQA1*05:01/05:03/05:05-DQB1*03:01/03:09,Russia Siberia Negidal,7.1,35,Siberian,North-East Asia
300,DRB1*12:01-DQA1*05:01-DQB1*03:01,DRB1*12:01-DQA1*05:01-DQB1*03:01,China Urumqi Han,5.1,59,Oriental,South-East Asia
301,DRB1*12:01-DQA1*05:01-DQB1*03:01,DRB1*12:01-DQA1*05:01-DQB1*03:01,China Urumqi Kazak,4.8,42,Oriental,South-East Asia
302,DRB1*12:01-DQA1*05:01-DQB1*03:01,DRB1*12:01/12:06-DQA1*05:01/05:03/05:05-DQB1*03:01/03:09,Russia Siberia Kushun Buryat,4.0,25,Siberian,North-East Asia
303,DRB1*12:01-DQA1*05:01-DQB1*03:01,A*24-B*40-DRB1*12:01-DQA1*05:01-DQB1*03:01,Russia Tuva,3.8,190,Siberian,North-East Asia
304,DRB1*12:01-DQA1*05:01-DQB1*03:01,DRB1*12:01-DQA1*05:01-DQB1*03:01,Russia Siberia Chukotka Peninsula Eskimo,3.8,80,Siberian,North-East Asia
305,DRB1*12:01-DQA1*05:01-DQB1*03:01,DRB1*12:01-DQA1*05:01-DQB1*03:01,Italy Sardinia Tempio,3.8,91,Caucasoid,Europe
306,DRB1*12:01-DQA1*05:01-DQB1*03:01,DRB1*12:01-DQA1*05:01-DQB1*03:01,India Northeast Lachung,3.4,58,Asian,South Asia
307,DRB1*12:01-DQA1*05:01-DQB1*03:01,DRB1*12:01-DQA1*05:01-DQB1*03:01,Italy Sardinia Sassari,2.8,91,Caucasoid,Europe
308,DRB1*12:01-DQA1*05:01-DQB1*03:01,DRB1*12:01-DQA1*05:01-DQB1*03:01,Italy Sardinia Carbonia,2.7,91,Caucasoid,Europe
309,DRB1*12:01-DQA1*05:01-DQB1*03:01,DRB1*12:01-DQA1*05:01-DQB1*03:01,Japan pop 2,2.6,916,Oriental,North-East Asia
310,DRB1*12:01-DQA1*05:01-DQB1*03:01,DRB1*12:01-DQA1*05:01-DQB1*03:01,Russia Siberia Chukotka Peninsula Chukchi,2.6,59,Siberian,North-East Asia
311,DRB1*12:01-DQA1*05:01-DQB1*03:01,DRB1*12:01-DQA1*05:01-DQB1*03:01,Russia Northwest Slavic,2.5,200,Caucasoid,North-East Asia
312,DRB1*12:01-DQA1*05:01-DQB1*03:01,DRB1*12:01-DQA1*05:01-DQB1*03:01,India Northeast Mech,2.4,63,Asian,South Asia
313,DRB1*12:01-DQA1*05:01-DQB1*03:01,DRB1*12:01-DQA1*05:01-DQB1*03:01,Russia Siberia Sulamai Ket,2.3,22,Siberian,North-East Asia
314,DRB1*12:01-DQA1*05:01-DQB1*03:01,DRB1*12:01-DQA1*05:01-DQB1*03:01,Italy Sardinia Sorgono,2.2,93,Caucasoid,Europe
315,DRB1*12:01-DQA1*05:01-DQB1*03:01,DRB1*12:01-DQA1*05:01-DQB1*03:01,India Northeast Rajbanshi,2.1,98,Asian,South Asia
316,DRB1*12:01-DQA1*05:01-DQB1*03:01,DRB1*12:01-DQA1*05:01-DQB1*03:01-DPB1*05:01,China Canton Han,2.1,264,Oriental,South-East Asia
317,DRB1*12:01-DQA1*05:01-DQB1*03:01,DRB1*12:01-DQA1*05:01-DQB1*03:01,Turkey pop 1,1.6,250,Caucasoid,Western Asia
318,DRB1*12:01-DQA1*05:01-DQB1*03:01,A*02-B*40-DRB1*12:01-DQA1*05:01-DQB1*03:01,Russia Tuva,1.5,190,Siberian,North-East Asia
319,DRB1*12:01-DQA1*05:01-DQB1*03:01,DRB1*12:01-DQA1*05:01-DQB1*03:01,Russia Siberia Polygus Evenk,1.4,35,Siberian,North-East Asia
320,DRB1*12:01-DQA1*05:01-DQB1*03:01,DRB1*12:01-DQA1*05:01-DQB1*03:01,Slovenia pop 2,1.4,140,Caucasoid,Europe
321,DRB1*12:01-DQA1*05:01-DQB1*03:01,DRB1*12:01-DQA1*05:01-DQB1*03:01,Cameroon Yaounde,1.2,92,Black,Sub-Saharan Africa
322,DRB1*12:01-DQA1*05:01-DQB1*03:01,DRB1*12:01-DQA1*05:01-DQB1*03:01,Australia New South Wales Aborigine,1.1,177,Aust. Aboriginal,Australia
323,DRB1*12:01-DQA1*05:01-DQB1*03:01,DRB1*12:01-DQA1*05:01-DQB1*03:01,Italy Sardinia Lanusei,1.1,87,Caucasoid,Europe
324,DRB1*12:01-DQA1*05:01-DQB1*03:01,DRB1*12:01-DQA1*05:01-DQB1*03:01,USA San Francisco Caucasian,1.1,220,Caucasoid,North America
325,DRB1*12:01-DQA1*05:01-DQB1*03:01,DRB1*12:01-DQA1*05:01-DQB1*03:01,Italy Sardinia Cagliari,1.1,87,Caucasoid,Europe
326,DRB1*12:01-DQA1*05:01-DQB1*03:01,DRB1*12:01-DQA1*05:01-DQB1*03:01,USA European American,1.08,"1,899",Caucasoid,North America
327,DRB1*12:01-DQA1*05:01-DQB1*03:01,DRB1*12:01-DQA1*05:01-DQB1*03:01,Morocco Souss Region,1.0,98,Arab,North Africa
